user_id_lister,predicted_score
25a7fca8-21ba-4d52-be13-6887ae3d8c26,85.53096
8343200a-58c5-40b2-bb36-c52cc3221e7f,83.47136
8b09fb95-8b96-4e66-842b-48b06a1d1731,83.3573
7e109edf-10c5-440b-9e5a-2d989be693f4,82.72741
4bb3a729-6774-4408-a61c-7b63c3ea1d2e,81.854195
34340689-168a-4fb3-b718-f1c862d3e95e,80.52052
e1779735-a19e-4773-8b54-eb25c88a6c00,80.25978
b01cec48-5b8a-4a3a-8217-06f7e9a90012,80.225296
ad9b556e-c944-4884-b3ad-553466c966e0,80.184494
16a5a0c6-4b55-42f5-a7bb-62c14b362ea4,80.15532
